publisher,employer_name,score,num_stars,review_count,max_score,normalized_score
AmbitionBox,Tata Consultancy Services,3.3,3.5,116003.0,5,3.3
Glassdoor,Tata Consultancy Services,3.5,3.5,166413.0,5,3.5
Indeed,Tata Consultancy Services,3.9,4.0,23598.0,5,3.9000000000000004
AmbitionBox,Barclays,3.7,3.5,3484.0,5,3.7
Glassdoor,Barclays,4.0,4.0,22092.0,5,4.0
Indeed,Barclays,3.9,4.0,6920.0,5,3.9000000000000004
Indeed,Space Telescope Science Institute,3.8,4.0,33.0,5,3.8
Glassdoor,Space Telescope Science Institute,4.4,4.5,79.0,5,4.4
Comparably,Space Telescope Science Institute,2.8,3.0,1.0,5,2.8
Glassdoor,RSMB,5.0,5.0,3.0,5,5.0
Indeed,COMAGINE HEALTH,3.2,3.0,67.0,5,3.2
Glassdoor,COMAGINE HEALTH,3.5,3.5,40.0,5,3.5
AmbitionBox,DXC Technology,3.6,3.5,12162.0,5,3.5999999999999996
Glassdoor,DXC Technology,3.4,3.5,26554.0,5,3.3999999999999995
Jobstreet,DXC Technology,4.1,4.0,116.0,5,4.1
Indeed,Swansea University,4.1,4.0,133.0,5,4.1
Glassdoor,Swansea University,4.3,4.5,487.0,5,4.3
Breakroom,Swansea University,8.7,4.5,31.0,10,4.35
Glassdoor,Kpmg India Services Llp,3.7,3.5,159.0,5,3.7
Indeed,"Walmart, Inc.",3.4,3.5,282046.0,5,3.3999999999999995
Glassdoor,"Walmart, Inc.",3.4,3.5,142155.0,5,3.3999999999999995
AmbitionBox,"Walmart, Inc.",3.4,3.5,3166.0,5,3.3999999999999995
AmbitionBox,Innodata,3.7,3.5,1099.0,5,3.7
Glassdoor,Innodata,3.6,3.5,866.0,5,3.5999999999999996
Indeed,Innodata,4.1,4.0,581.0,5,4.1
Glassdoor,Procore,3.4,3.5,1614.0,5,3.3999999999999995
AmbitionBox,Procore,3.6,3.5,19.0,5,3.5999999999999996
Indeed,Procore,3.8,4.0,69.0,5,3.8
AmbitionBox,Cognizant,3.7,3.5,62237.0,5,3.7
Glassdoor,Cognizant,3.6,3.5,120683.0,5,3.5999999999999996
Jobstreet,Cognizant,4.1,4.0,370.0,5,4.1
AmbitionBox,Boeing,3.9,4.0,750.0,5,3.9000000000000004
Glassdoor,Boeing,3.7,3.5,18247.0,5,3.7
Indeed,Boeing,3.9,4.0,10235.0,5,3.9000000000000004
AmbitionBox,Atyeti,3.7,3.5,174.0,5,3.7
Glassdoor,Atyeti,3.9,4.0,246.0,5,3.9000000000000004
Indeed,Atyeti,3.0,3.0,4.0,5,3.0
Glassdoor,Quantexa,4.2,4.0,176.0,5,4.2
Indeed,Quantexa,3.7,3.5,3.0,5,3.7
RepVue,Quantexa,3.4,3.5,10.0,5,3.3999999999999995
AmbitionBox,Godrej Group,3.9,4.0,1611.0,5,3.9000000000000004
Glassdoor,Godrej Group,3.9,4.0,432.0,5,3.9000000000000004
Indeed,Godrej Group,4.0,4.0,149.0,5,4.0
AmbitionBox,Bosch Group,4.1,4.0,4745.0,5,4.1
Glassdoor,Bosch Group,4.0,4.0,2565.0,5,4.0
Indeed,Bosch Group,4.0,4.0,7503.0,5,4.0
Indeed,Rose International,3.8,4.0,613.0,5,3.8
Glassdoor,Rose International,4.5,4.5,895.0,5,4.5
AmbitionBox,Rose International,3.7,3.5,72.0,5,3.7
AmbitionBox,BNY,3.6,3.5,5363.0,5,3.5999999999999996
Glassdoor,BNY,3.4,3.5,13800.0,5,3.3999999999999995
Indeed,BNY,3.5,3.5,5474.0,5,3.5
Glassdoor,MillenniumSoft Inc,4.5,4.5,5.0,5,4.5
Indeed,MillenniumSoft Inc,4.7,4.5,62.0,5,4.7
AmbitionBox,MillenniumSoft Inc,5.0,5.0,1.0,5,5.0
Indeed,GRAYHILL,3.2,3.0,78.0,5,3.2
Glassdoor,GRAYHILL,3.3,3.5,58.0,5,3.3
Payscale,GRAYHILL,3.5,3.5,2.0,5,3.5
Glassdoor,Medialab Group,2.7,2.5,61.0,5,2.7
Glassdoor,Helsing,3.7,3.5,41.0,5,3.7
Kununu,Helsing,2.4,2.5,22.0,5,2.4
AmbitionBox,Warner Bros. Discovery,3.7,3.5,171.0,5,3.7
Glassdoor,Warner Bros. Discovery,3.7,3.5,3841.0,5,3.7
Indeed,Warner Bros. Discovery,3.9,4.0,1042.0,5,3.9000000000000004
Glassdoor,GSA,3.7,3.5,875.0,5,3.7
Indeed,GSA,3.3,3.5,22.0,5,3.3
AmbitionBox,Eruna Technologies India Private Limited,2.9,3.0,7.0,5,2.9
Glassdoor,Eruna Technologies India Private Limited,1.0,1.0,1.0,5,1.0
AmbitionBox,Cisco,4.1,4.0,2242.0,5,4.1
Glassdoor,Cisco,4.1,4.0,33614.0,5,4.1
Indeed,Cisco,4.1,4.0,6650.0,5,4.1
Glassdoor,LTM,3.6,3.5,58.0,5,3.5999999999999996
AmbitionBox,LTM,3.5,3.5,51.0,5,3.5
AmbitionBox,Amazon,3.9,4.0,31911.0,5,3.9000000000000004
Glassdoor,Amazon,3.5,3.5,209290.0,5,3.5
Indeed,Amazon,3.5,3.5,55593.0,5,3.5
Glassdoor,Danaher,3.4,3.5,828.0,5,3.3999999999999995
Indeed,Danaher,3.7,3.5,487.0,5,3.7
AmbitionBox,Danaher,3.8,4.0,104.0,5,3.8
AmbitionBox,Luxoft,3.6,3.5,843.0,5,3.5999999999999996
Glassdoor,Luxoft,3.7,3.5,4625.0,5,3.7
Indeed,Luxoft,4.4,4.5,670.0,5,4.4
Indeed,"Independent Software, Inc.",4.0,4.0,3.0,5,4.0
Glassdoor,"Independent Software, Inc.",3.4,3.5,4.0,5,3.3999999999999995
Glassdoor,Speechify,4.3,4.5,114.0,5,4.3
AmbitionBox,Speechify,2.3,2.5,4.0,5,2.3
Glassdoor,Sophos,3.7,3.5,1527.0,5,3.7
Indeed,Sophos,3.9,4.0,70.0,5,3.9000000000000004
AmbitionBox,Sophos,3.6,3.5,256.0,5,3.5999999999999996
AmbitionBox,Victoria's Secret & Co.,3.9,4.0,148.0,5,3.9000000000000004
Glassdoor,Victoria's Secret & Co.,4.2,4.0,92.0,5,4.2
Indeed,Victoria's Secret & Co.,3.6,3.5,12988.0,5,3.5999999999999996
AmbitionBox,Bunge,3.9,4.0,779.0,5,3.9000000000000004
Glassdoor,Bunge,3.7,3.5,115.0,5,3.7
Indeed,Bunge,4.1,4.0,1670.0,5,4.1
Glassdoor,Iris Software,3.7,3.5,862.0,5,3.7
RepVue,Iris Software,3.0,3.0,32.0,5,3.0
Indeed,Robert Half,3.9,4.0,13769.0,5,3.9000000000000004
Glassdoor,Robert Half,3.6,3.5,7914.0,5,3.5999999999999996
AmbitionBox,Robert Half,4.8,5.0,5.0,5,4.8
AmbitionBox,Max Healthcare,4.0,4.0,3213.0,5,4.0
Glassdoor,Max Healthcare,3.4,3.5,172.0,5,3.3999999999999995
Indeed,Max Healthcare,4.0,4.0,362.0,5,4.0
AmbitionBox,KPMG India,3.4,3.5,7469.0,5,3.3999999999999995
Glassdoor,KPMG India,3.6,3.5,8365.0,5,3.5999999999999996
Indeed,"Amazon Web Services, Inc.",3.4,3.5,583.0,5,3.3999999999999995
Glassdoor,"Amazon Web Services, Inc.",3.6,3.5,13947.0,5,3.5999999999999996
AmbitionBox,"Amazon Web Services, Inc.",3.8,4.0,1007.0,5,3.8
Glassdoor,Bending Spoons,4.7,4.5,248.0,5,4.7
InHerSight,Bending Spoons,4.9,5.0,6.0,5,4.9
Undelucram,Bending Spoons,5.0,5.0,1.0,5,5.0
AmbitionBox,Mastercard,3.8,4.0,1017.0,5,3.8
Glassdoor,Mastercard,4.1,4.0,7707.0,5,4.1
Indeed,Mastercard,4.0,4.0,841.0,5,4.0
Glassdoor,NPS Prism,3.8,4.0,22.0,5,3.8
AmbitionBox,NPS Prism,2.5,2.5,3.0,5,2.5
Indeed,Petco,3.2,3.0,8248.0,5,3.2
Glassdoor,Petco,3.0,3.0,6849.0,5,3.0
Comparably,Petco,3.1,3.0,23.0,5,3.1
Glassdoor,Snowflake,3.7,3.5,1056.0,5,3.7
Indeed,Snowflake,3.7,3.5,31.0,5,3.7
AmbitionBox,Snowflake,3.2,3.0,44.0,5,3.2
Glassdoor,HALLIBURTON,3.7,3.5,6079.0,5,3.7
Indeed,HALLIBURTON,3.8,4.0,7586.0,5,3.8
AmbitionBox,HALLIBURTON,3.6,3.5,342.0,5,3.5999999999999996
Glassdoor,UK Health Security Agency,3.5,3.5,342.0,5,3.5
Indeed,UK Health Security Agency,3.4,3.5,24.0,5,3.3999999999999995
Breakroom,UK Health Security Agency,7.8,4.0,28.0,10,3.9000000000000004
Glassdoor,Leonardo UK Ltd,4.0,4.0,956.0,5,4.0
Indeed,Leonardo UK Ltd,3.9,4.0,480.0,5,3.9000000000000004
Breakroom,Leonardo UK Ltd,9.2,4.5,76.0,10,4.6
Glassdoor,Emmes Group,3.7,3.5,21.0,5,3.7
AmbitionBox,Emmes Group,2.9,3.0,11.0,5,2.9
Indeed,Emmes Group,3.2,3.0,39.0,5,3.2
Indeed,CVS Health,3.2,3.0,50661.0,5,3.2
Glassdoor,CVS Health,3.2,3.0,46694.0,5,3.2
AmbitionBox,CVS Health,4.0,4.0,28.0,5,4.0
AmbitionBox,Tech Mahindra,3.3,3.5,43899.0,5,3.3
Glassdoor,Tech Mahindra,3.4,3.5,40017.0,5,3.3999999999999995
Indeed,Tech Mahindra,3.7,3.5,9729.0,5,3.7
Indeed,General Dynamics Mission Systems,3.6,3.5,590.0,5,3.5999999999999996
Glassdoor,General Dynamics Mission Systems,3.8,4.0,1866.0,5,3.8
Breakroom,General Dynamics Mission Systems,8.2,4.0,28.0,10,4.1
AmbitionBox,Linde India,3.9,4.0,827.0,5,3.9000000000000004
Glassdoor,Linde India,3.5,3.5,2165.0,5,3.5
Indeed,Linde India,3.2,3.0,10.0,5,3.2
AmbitionBox,Vodafone,3.9,4.0,17747.0,5,3.9000000000000004
Glassdoor,Vodafone,4.1,4.0,1134.0,5,4.1
Indeed,Vodafone,3.8,4.0,8023.0,5,3.8
Glassdoor,isolved,3.7,3.5,745.0,5,3.7
Indeed,isolved,4.4,4.5,433.0,5,4.4
RepVue,isolved,3.3,3.5,144.0,5,3.3
Indeed,UnitedHealth Group,3.6,3.5,19043.0,5,3.5999999999999996
Glassdoor,UnitedHealth Group,3.4,3.5,15416.0,5,3.3999999999999995
AmbitionBox,UnitedHealth Group,4.0,4.0,2789.0,5,4.0
AmbitionBox,"Systems Technology Group, Inc. (STG)",2.8,3.0,84.0,5,2.8
Glassdoor,Moonpig,3.1,3.0,147.0,5,3.1
