job_id,benefit
gK8DlJs7W1gnTis0AAAAAA==,Employer retirement contribution
gK8DlJs7W1gnTis0AAAAAA==,Sick leave
gK8DlJs7W1gnTis0AAAAAA==,Vacation
gK8DlJs7W1gnTis0AAAAAA==,Paid holidays
gK8DlJs7W1gnTis0AAAAAA==,Flexible work schedule
gK8DlJs7W1gnTis0AAAAAA==,Medical plan
gK8DlJs7W1gnTis0AAAAAA==,Dental plan
gK8DlJs7W1gnTis0AAAAAA==,Vision plan
gK8DlJs7W1gnTis0AAAAAA==,Prescription plan
2cSI6E3s-mksVwAHAAAAAA==,Flexible schedules
2cSI6E3s-mksVwAHAAAAAA==,Weekly pay
2cSI6E3s-mksVwAHAAAAAA==,Hourly pay
2cSI6E3s-mksVwAHAAAAAA==,Daily pay
2cSI6E3s-mksVwAHAAAAAA==,Work from home
F06B9hCd9_jjOPq6AAAAAA==,Pension Scheme
F06B9hCd9_jjOPq6AAAAAA==,"25 days holiday per annum (rising to 30 days), plus bank holidays"
F06B9hCd9_jjOPq6AAAAAA==,Private Medical Insurance
F06B9hCd9_jjOPq6AAAAAA==,Season Ticket Loans
F06B9hCd9_jjOPq6AAAAAA==,Group Life and Permanent Health Insurance
Mm2KiK02X0gfqAx1AAAAAA==,100% Employee-Owned (ESOP)
Mm2KiK02X0gfqAx1AAAAAA==,Remote Work Flexibility
Mm2KiK02X0gfqAx1AAAAAA==,Competitive Compensation and Benefits
n4G47-tf_oRI1rX1AAAAAA==,equity
8eHDxZoyk4QMwya4AAAAAA==,Medical insurance
8eHDxZoyk4QMwya4AAAAAA==,Dental insurance
8eHDxZoyk4QMwya4AAAAAA==,Vision insurance
8eHDxZoyk4QMwya4AAAAAA==,Paid time off for vacation
8eHDxZoyk4QMwya4AAAAAA==,Paid time off for illness
8eHDxZoyk4QMwya4AAAAAA==,Paid time off for volunteering
8eHDxZoyk4QMwya4AAAAAA==,Retirement savings plan with employer contribution
8eHDxZoyk4QMwya4AAAAAA==,Adoption financial assistance
8eHDxZoyk4QMwya4AAAAAA==,Paid parental leave
jkZzjdiLEDSogrkiAAAAAA==,Medical / Dental / Vision (Full Benefits Package)
jkZzjdiLEDSogrkiAAAAAA==,10 Days PTO
jkZzjdiLEDSogrkiAAAAAA==,10 Paid Holidays
jkZzjdiLEDSogrkiAAAAAA==,401K
hSbgydmoYLBbZoBPAAAAAA==,Flexible working hours
hSbgydmoYLBbZoBPAAAAAA==,Weekly pay
hSbgydmoYLBbZoBPAAAAAA==,Hourly pay
hSbgydmoYLBbZoBPAAAAAA==,Daily pay
YNAMnppIEEkwbQlUAAAAAA==,Competitive salary & Company bonus
YNAMnppIEEkwbQlUAAAAAA==,"25 days annual leave (with the option of buying up to 5 days, and rolling over up to 10)"
YNAMnppIEEkwbQlUAAAAAA==,national holidays
YNAMnppIEEkwbQlUAAAAAA==,your birthday off!
YNAMnppIEEkwbQlUAAAAAA==,Pension scheme with a company contribution of 6% (when you contribute 3%)
YNAMnppIEEkwbQlUAAAAAA==,"Private Healthcare, including dental & optic cover"
YNAMnppIEEkwbQlUAAAAAA==,Life Insurance and Income Protection
YNAMnppIEEkwbQlUAAAAAA==,Regularly bench-marked salary rates
YNAMnppIEEkwbQlUAAAAAA==,"Enhanced Maternity, Paternity, Adoption, or Shared Parental Leave"
YNAMnppIEEkwbQlUAAAAAA==,Well-being days
YNAMnppIEEkwbQlUAAAAAA==,Volunteer Day off
YNAMnppIEEkwbQlUAAAAAA==,Work from Home Equipment
YNAMnppIEEkwbQlUAAAAAA==,"Commuter, Tech and cycle to work schemes"
YNAMnppIEEkwbQlUAAAAAA==,"Free Subscription to a meditation, relaxation and sleep app"
YNAMnppIEEkwbQlUAAAAAA==,Continuous Training and Development
YNAMnppIEEkwbQlUAAAAAA==,Work from Anywhere policy (up to 2 months working outside of your country of employment over a rolling 12-month period)
YNAMnppIEEkwbQlUAAAAAA==,Team Social Budget & Company-wide Socials
n46KpOrrx9EGCY_sAAAAAA==,Childcare benefits
n46KpOrrx9EGCY_sAAAAAA==,Paid leave for primary caregivers
n46KpOrrx9EGCY_sAAAAAA==,Paid leave for secondary caregivers
n46KpOrrx9EGCY_sAAAAAA==,Caregiver travel support
n46KpOrrx9EGCY_sAAAAAA==,Coverage for childbirth and fertility treatment
n46KpOrrx9EGCY_sAAAAAA==,Same sex partner benefits
n46KpOrrx9EGCY_sAAAAAA==,Coverage for gender reassignment surgery and hormone replacement therapy
n46KpOrrx9EGCY_sAAAAAA==,Persons with Disability (PwD) care
n46KpOrrx9EGCY_sAAAAAA==,Comprehensive health insurance
n46KpOrrx9EGCY_sAAAAAA==,Accident coverage
n46KpOrrx9EGCY_sAAAAAA==,Elder care
n46KpOrrx9EGCY_sAAAAAA==,Preventative healthcare support
n46KpOrrx9EGCY_sAAAAAA==,Outpatient Department (OPD) coverage
n46KpOrrx9EGCY_sAAAAAA==,Uncapped sick leave
n46KpOrrx9EGCY_sAAAAAA==,Flexible work options
n46KpOrrx9EGCY_sAAAAAA==,Mental wellness and self-care programmes
n46KpOrrx9EGCY_sAAAAAA==,Structured recognition platforms
MCEjhLhABFo8Qll1AAAAAA==,Comprehensive Health Insurance
MCEjhLhABFo8Qll1AAAAAA==,medical
MCEjhLhABFo8Qll1AAAAAA==,dental
MCEjhLhABFo8Qll1AAAAAA==,prescription
MCEjhLhABFo8Qll1AAAAAA==,vision
MCEjhLhABFo8Qll1AAAAAA==,Paid Time Off
MCEjhLhABFo8Qll1AAAAAA==,401(K) match
MCEjhLhABFo8Qll1AAAAAA==,Tuition Reimbursement
MCEjhLhABFo8Qll1AAAAAA==,Collaboration Space
MCEjhLhABFo8Qll1AAAAAA==,10 company paid holidays
MCEjhLhABFo8Qll1AAAAAA==,gap insurance coverages
MCEjhLhABFo8Qll1AAAAAA==,Company paid disability
MCEjhLhABFo8Qll1AAAAAA==,parental leave
MCEjhLhABFo8Qll1AAAAAA==,basic group life
MCEjhLhABFo8Qll1AAAAAA==,Employee Assistance Program
OZBp6uq2Ad7sGzejAAAAAA==,Flexible hours
OZBp6uq2Ad7sGzejAAAAAA==,Work from home
OZBp6uq2Ad7sGzejAAAAAA==,Weekly pay
OZBp6uq2Ad7sGzejAAAAAA==,Hourly pay
OZBp6uq2Ad7sGzejAAAAAA==,Daily pay
4lkzH6Ti-mpVcL5EAAAAAA==,benefits
4lkzH6Ti-mpVcL5EAAAAAA==,training support
WkB5Q8Lm9xVEO96HAAAAAA==,equity grants
WkB5Q8Lm9xVEO96HAAAAAA==,unlimited PTO
WkB5Q8Lm9xVEO96HAAAAAA==,competitive benefits package
77gf04_5D9DHRGKIAAAAAA==,Competitive salary package
77gf04_5D9DHRGKIAAAAAA==,Pension
77gf04_5D9DHRGKIAAAAAA==,Season ticket loans
77gf04_5D9DHRGKIAAAAAA==,Cycle to work scheme
77gf04_5D9DHRGKIAAAAAA==,Weekly social events
77gf04_5D9DHRGKIAAAAAA==,Summer and end of year parties
77gf04_5D9DHRGKIAAAAAA==,22 days holiday
77gf04_5D9DHRGKIAAAAAA==,Christmas holiday closure
77gf04_5D9DHRGKIAAAAAA==,Day off for your birthday
77gf04_5D9DHRGKIAAAAAA==,Holiday buying scheme
77gf04_5D9DHRGKIAAAAAA==,Flexi-hours
77gf04_5D9DHRGKIAAAAAA==,Work abroad scheme
77gf04_5D9DHRGKIAAAAAA==,CPD Platinum accredited training
77gf04_5D9DHRGKIAAAAAA==,Mentoring
77gf04_5D9DHRGKIAAAAAA==,Leadership support
77gf04_5D9DHRGKIAAAAAA==,Private medical insurance
77gf04_5D9DHRGKIAAAAAA==,Health cash plan
77gf04_5D9DHRGKIAAAAAA==,Gym discounts
77gf04_5D9DHRGKIAAAAAA==,Wellbeing apps
77gf04_5D9DHRGKIAAAAAA==,Mental Health First Aiders
77gf04_5D9DHRGKIAAAAAA==,Free professional counselling
77gf04_5D9DHRGKIAAAAAA==,Enhanced parental leave pay
77gf04_5D9DHRGKIAAAAAA==,Life assurance
77gf04_5D9DHRGKIAAAAAA==,Paid charity days
77gf04_5D9DHRGKIAAAAAA==,Sustainability initiatives
77gf04_5D9DHRGKIAAAAAA==,Retail discounts
77gf04_5D9DHRGKIAAAAAA==,Long-service trips
q9iaJI-nEphdAk1oAAAAAA==,Medical insurance
q9iaJI-nEphdAk1oAAAAAA==,Travel insurance
q9iaJI-nEphdAk1oAAAAAA==,Flexible paid time off
q9iaJI-nEphdAk1oAAAAAA==,Paid holidays
q9iaJI-nEphdAk1oAAAAAA==,Remote and/or hybrid work options
FDlUxSYdEklwYRqbAAAAAA==,thoughtfully curated benefits
FDlUxSYdEklwYRqbAAAAAA==,Fast-track growth opportunities
ZulMsjaNI36mjXqVAAAAAA==,Health insurance
ZulMsjaNI36mjXqVAAAAAA==,Life insurance coverage
ZulMsjaNI36mjXqVAAAAAA==,Sick leave
ZulMsjaNI36mjXqVAAAAAA==,Vacation time
ZulMsjaNI36mjXqVAAAAAA==,11 paid holidays per year
ZulMsjaNI36mjXqVAAAAAA==,Thrift Savings Plan
ZulMsjaNI36mjXqVAAAAAA==,Flexible work schedules
ZulMsjaNI36mjXqVAAAAAA==,Transit subsidies
ZulMsjaNI36mjXqVAAAAAA==,Child care subsidies
ZulMsjaNI36mjXqVAAAAAA==,Flexible spending accounts
ZulMsjaNI36mjXqVAAAAAA==,Long-term care insurance
ZulMsjaNI36mjXqVAAAAAA==,Training and development
ZulMsjaNI36mjXqVAAAAAA==,Recruitment incentive
ZulMsjaNI36mjXqVAAAAAA==,Relocation incentive
ZulMsjaNI36mjXqVAAAAAA==,Credit toward vacation leave
rwxa1FBnRM7H4ENQAAAAAA==,training
VoFMl5SmOfI_ku_HAAAAAA==,Paid time off
VoFMl5SmOfI_ku_HAAAAAA==,Medical insurance
VoFMl5SmOfI_ku_HAAAAAA==,Dental insurance
VoFMl5SmOfI_ku_HAAAAAA==,Vision insurance
VoFMl5SmOfI_ku_HAAAAAA==,401(k)
VoFMl5SmOfI_ku_HAAAAAA==,Bonus/incentive pay
vExwXsyMVJKdvZysAAAAAA==,Bonus
vExwXsyMVJKdvZysAAAAAA==,Stock
vExwXsyMVJKdvZysAAAAAA==,Competitive salaries
vExwXsyMVJKdvZysAAAAAA==,Friendly and laid-back atmosphere
vExwXsyMVJKdvZysAAAAAA==,Asynchronous culture
cjJ76X4QjoMUeUwxAAAAAA==,Remote-first working model
cjJ76X4QjoMUeUwxAAAAAA==,Diversity and inclusion networks
cjJ76X4QjoMUeUwxAAAAAA==,Annual charity and fundraising initiatives
cjJ76X4QjoMUeUwxAAAAAA==,Volunteer days
cjJ76X4QjoMUeUwxAAAAAA==,Global employee sustainability initiatives
cjJ76X4QjoMUeUwxAAAAAA==,Global fitness and trivia competitions
cjJ76X4QjoMUeUwxAAAAAA==,Global wellbeing days
cjJ76X4QjoMUeUwxAAAAAA==,Monthly wellbeing webinars and training
Jc4iwVxEmUPAWereAAAAAA==,Health care program
Jc4iwVxEmUPAWereAAAAAA==,Paid time off
3GKPwtG_T-mwGmHRAAAAAA==,Paid Time Off (15–25 days)
3GKPwtG_T-mwGmHRAAAAAA==,11 paid holidays
3GKPwtG_T-mwGmHRAAAAAA==,401(k) up to 15% employer contribution
3GKPwtG_T-mwGmHRAAAAAA==,Profit sharing
3GKPwtG_T-mwGmHRAAAAAA==,Free medical insurance for employees
3GKPwtG_T-mwGmHRAAAAAA==,Employer-paid dental insurance
3GKPwtG_T-mwGmHRAAAAAA==,Employer-paid vision insurance
3GKPwtG_T-mwGmHRAAAAAA==,Employer-paid life insurance
3GKPwtG_T-mwGmHRAAAAAA==,AD&D
3GKPwtG_T-mwGmHRAAAAAA==,Short-term disability
3GKPwtG_T-mwGmHRAAAAAA==,Long-term disability
3GKPwtG_T-mwGmHRAAAAAA==,Healthcare FSA
3GKPwtG_T-mwGmHRAAAAAA==,Dependent care FSA
3GKPwtG_T-mwGmHRAAAAAA==,"Tuition Reimbursement up to $36,000 per year"
3GKPwtG_T-mwGmHRAAAAAA==,Employee Assistance Program
3GKPwtG_T-mwGmHRAAAAAA==,Wellness incentives
3GKPwtG_T-mwGmHRAAAAAA==,Discount programs
3GKPwtG_T-mwGmHRAAAAAA==,Virtual care
3GKPwtG_T-mwGmHRAAAAAA==,Prescription savings
3GKPwtG_T-mwGmHRAAAAAA==,Travel support
3GKPwtG_T-mwGmHRAAAAAA==,Merit increases
3GKPwtG_T-mwGmHRAAAAAA==,Performance bonuses
3GKPwtG_T-mwGmHRAAAAAA==,Referral bonuses
lI-dHRlscCSyxdSDAAAAAA==,medical insurance
lI-dHRlscCSyxdSDAAAAAA==,vision insurance
lI-dHRlscCSyxdSDAAAAAA==,dental insurance
lI-dHRlscCSyxdSDAAAAAA==,life insurance
lI-dHRlscCSyxdSDAAAAAA==,disability insurance
lI-dHRlscCSyxdSDAAAAAA==,401(k)
_Ib46NZoDoT0Ddg3AAAAAA==,sign-on payments
_Ib46NZoDoT0Ddg3AAAAAA==,restricted stock units (RSUs)
_Ib46NZoDoT0Ddg3AAAAAA==,health insurance
_Ib46NZoDoT0Ddg3AAAAAA==,medical
_Ib46NZoDoT0Ddg3AAAAAA==,dental
_Ib46NZoDoT0Ddg3AAAAAA==,vision
_Ib46NZoDoT0Ddg3AAAAAA==,prescription
_Ib46NZoDoT0Ddg3AAAAAA==,Basic Life & AD&D insurance
_Ib46NZoDoT0Ddg3AAAAAA==,Supplemental life plans
_Ib46NZoDoT0Ddg3AAAAAA==,EAP
_Ib46NZoDoT0Ddg3AAAAAA==,Mental Health Support
_Ib46NZoDoT0Ddg3AAAAAA==,Medical Advice Line
_Ib46NZoDoT0Ddg3AAAAAA==,Flexible Spending Accounts
_Ib46NZoDoT0Ddg3AAAAAA==,Adoption and Surrogacy Reimbursement coverage
_Ib46NZoDoT0Ddg3AAAAAA==,401(k) matching
_Ib46NZoDoT0Ddg3AAAAAA==,paid time off
_Ib46NZoDoT0Ddg3AAAAAA==,parental leave
jBdoa_8Nky34u5KEAAAAAA==,Competitive pay
jBdoa_8Nky34u5KEAAAAAA==,Access to equity
jBdoa_8Nky34u5KEAAAAAA==,Flexible hours
jBdoa_8Nky34u5KEAAAAAA==,Remote working
jBdoa_8Nky34u5KEAAAAAA==,Unlimited backing for learning and training
jBdoa_8Nky34u5KEAAAAAA==,Top-of-the-market health insurance
jBdoa_8Nky34u5KEAAAAAA==,Rich relocation package
jBdoa_8Nky34u5KEAAAAAA==,Generous parental support
jBdoa_8Nky34u5KEAAAAAA==,Yearly retreat
jBdoa_8Nky34u5KEAAAAAA==,Flexible start date
jBdoa_8Nky34u5KEAAAAAA==,Part-time options
cH6wfgqxxS52re3YAAAAAA==,health benefits
cH6wfgqxxS52re3YAAAAAA==,financial benefits
cH6wfgqxxS52re3YAAAAAA==,401K
cH6wfgqxxS52re3YAAAAAA==,incentives
cH6wfgqxxS52re3YAAAAAA==,PTO
pDha73g8oTmwb1RpAAAAAA==,medical insurance
pDha73g8oTmwb1RpAAAAAA==,dental insurance
pDha73g8oTmwb1RpAAAAAA==,vision insurance
pDha73g8oTmwb1RpAAAAAA==,life insurance
pDha73g8oTmwb1RpAAAAAA==,disability insurance
pDha73g8oTmwb1RpAAAAAA==,401(k) retirement plan
pDha73g8oTmwb1RpAAAAAA==,flexible spending account
pDha73g8oTmwb1RpAAAAAA==,health savings account
pDha73g8oTmwb1RpAAAAAA==,paid holidays
pDha73g8oTmwb1RpAAAAAA==,paid time off
pDha73g8oTmwb1RpAAAAAA==,parental leave
pDha73g8oTmwb1RpAAAAAA==,employee assistance program
pDha73g8oTmwb1RpAAAAAA==,bonus plan
pDha73g8oTmwb1RpAAAAAA==,equity plan
1H0GaukeDE4gg5DGAAAAAA==,Public holidays
1H0GaukeDE4gg5DGAAAAAA==,Privilege day for the King's birthday
1H0GaukeDE4gg5DGAAAAAA==,Defined Benefit pension scheme
1H0GaukeDE4gg5DGAAAAAA==,Cycle-to-work salary sacrifice scheme
1H0GaukeDE4gg5DGAAAAAA==,Season ticket advances
1H0GaukeDE4gg5DGAAAAAA==,Payroll giving
1H0GaukeDE4gg5DGAAAAAA==,Retail discounts and cashback
1H0GaukeDE4gg5DGAAAAAA==,Flexible working patterns
1H0GaukeDE4gg5DGAAAAAA==,Maternity leave package
1H0GaukeDE4gg5DGAAAAAA==,Paternity leave package
1H0GaukeDE4gg5DGAAAAAA==,Adoption leave package
F41L2P74hu2SFtp3AAAAAA==,Generous leave
F41L2P74hu2SFtp3AAAAAA==,Flexi-days
F41L2P74hu2SFtp3AAAAAA==,Pension scheme
F41L2P74hu2SFtp3AAAAAA==,Mental health support
F41L2P74hu2SFtp3AAAAAA==,Financial advice
F41L2P74hu2SFtp3AAAAAA==,Employee-led networks
F41L2P74hu2SFtp3AAAAAA==,Bonus scheme
F41L2P74hu2SFtp3AAAAAA==,Online courses via Coursera and LinkedIn Learning
F41L2P74hu2SFtp3AAAAAA==,Referral programme
F41L2P74hu2SFtp3AAAAAA==,Private healthcare
F41L2P74hu2SFtp3AAAAAA==,Dental
F41L2P74hu2SFtp3AAAAAA==,Family cover
F41L2P74hu2SFtp3AAAAAA==,Tech & lifestyle discounts
F41L2P74hu2SFtp3AAAAAA==,Gym memberships
F41L2P74hu2SFtp3AAAAAA==,Flexible hours
F41L2P74hu2SFtp3AAAAAA==,Hybrid working options
VTKXNFTYZikagD2UAAAAAA==,Competitive salary
VTKXNFTYZikagD2UAAAAAA==,Generous EMI options
VTKXNFTYZikagD2UAAAAAA==,100% book subsidy
VTKXNFTYZikagD2UAAAAAA==,Pension
VTKXNFTYZikagD2UAAAAAA==,Health Insurance
VTKXNFTYZikagD2UAAAAAA==,Custom WFH equipment setup
SxkRlNHiG72hLTwVAAAAAA==,Medical coverage
SxkRlNHiG72hLTwVAAAAAA==,Dental coverage
SxkRlNHiG72hLTwVAAAAAA==,Vision coverage
SxkRlNHiG72hLTwVAAAAAA==,Paid time off
SxkRlNHiG72hLTwVAAAAAA==,Retirement savings options
SxkRlNHiG72hLTwVAAAAAA==,Wellness programs
SxkRlNHiG72hLTwVAAAAAA==,Bonus program
SxkRlNHiG72hLTwVAAAAAA==,Commission or short-term incentive program
SxkRlNHiG72hLTwVAAAAAA==,Equity award program
Wxq-1SKFL7Jb6JUfAAAAAA==,401k matching
Wxq-1SKFL7Jb6JUfAAAAAA==,flex time off
Wxq-1SKFL7Jb6JUfAAAAAA==,paid parental leave
Wxq-1SKFL7Jb6JUfAAAAAA==,healthcare benefits
Wxq-1SKFL7Jb6JUfAAAAAA==,health & wellness programs
Wxq-1SKFL7Jb6JUfAAAAAA==,employee resource and social groups
Wxq-1SKFL7Jb6JUfAAAAAA==,9/80 schedule
1lIIglxOOAsT1u2vAAAAAA==,Learning and development opportunities
1lIIglxOOAsT1u2vAAAAAA==,Inclusive workplace
iYZa_veY2PAuV5C6AAAAAA==,medical insurance
iYZa_veY2PAuV5C6AAAAAA==,dental insurance
iYZa_veY2PAuV5C6AAAAAA==,vision insurance
iYZa_veY2PAuV5C6AAAAAA==,401(k) plan with matching contribution
iYZa_veY2PAuV5C6AAAAAA==,paid parental leave
iYZa_veY2PAuV5C6AAAAAA==,short-term disability coverage
iYZa_veY2PAuV5C6AAAAAA==,long-term disability coverage
iYZa_veY2PAuV5C6AAAAAA==,basic life insurance
iYZa_veY2PAuV5C6AAAAAA==,restricted stock units
iYZa_veY2PAuV5C6AAAAAA==,paid holidays
iYZa_veY2PAuV5C6AAAAAA==,floating holiday
iYZa_veY2PAuV5C6AAAAAA==,paid birthday off
iYZa_veY2PAuV5C6AAAAAA==,paid year-end holiday shutdown
iYZa_veY2PAuV5C6AAAAAA==,paid personal wellness days
iYZa_veY2PAuV5C6AAAAAA==,flexible vacation time off
iYZa_veY2PAuV5C6AAAAAA==,sick time off
iYZa_veY2PAuV5C6AAAAAA==,paid time off to volunteer
iYZa_veY2PAuV5C6AAAAAA==,annual bonuses
u_LTvMzPdQMMC0LTAAAAAA==,comprehensive benefits package
u_LTvMzPdQMMC0LTAAAAAA==,incentive and recognition programs
u_LTvMzPdQMMC0LTAAAAAA==,equity stock purchase
u_LTvMzPdQMMC0LTAAAAAA==,401k contribution
wtG2ka8QlFqS5wAkAAAAAA==,Competitive Pay
wtG2ka8QlFqS5wAkAAAAAA==,Bonuses
wtG2ka8QlFqS5wAkAAAAAA==,Pension plans
wtG2ka8QlFqS5wAkAAAAAA==,Staff discounts
wtG2ka8QlFqS5wAkAAAAAA==,Private healthcare (UK)
wtG2ka8QlFqS5wAkAAAAAA==,Mental health support
wtG2ka8QlFqS5wAkAAAAAA==,Dog-friendly offices (London & NL)
wtG2ka8QlFqS5wAkAAAAAA==,Generous holidays
wtG2ka8QlFqS5wAkAAAAAA==,Hybrid working
wtG2ka8QlFqS5wAkAAAAAA==,International working (up to 20 days)
wtG2ka8QlFqS5wAkAAAAAA==,Learning allowances
wtG2ka8QlFqS5wAkAAAAAA==,Coaching
wtG2ka8QlFqS5wAkAAAAAA==,Development programs
