publisher,employer_name,score,num_stars,review_count,max_score
AmbitionBox,Tata Consultancy Services,3.3,3.5,116003,5
Glassdoor,Tata Consultancy Services,3.5,3.5,166413,5
Indeed,Tata Consultancy Services,3.9,4.0,23598,5
AmbitionBox,Barclays,3.7,3.5,3484,5
Glassdoor,Barclays,4.0,4.0,22092,5
Indeed,Barclays,3.9,4.0,6920,5
Indeed,Space Telescope Science Institute,3.8,4.0,33,5
Glassdoor,Space Telescope Science Institute,4.4,4.5,79,5
Comparably,Space Telescope Science Institute,2.8,3.0,1,5
Glassdoor,RSMB,5.0,5.0,3,5
Indeed,COMAGINE HEALTH,3.2,3.0,67,5
Glassdoor,COMAGINE HEALTH,3.5,3.5,40,5
AmbitionBox,DXC Technology,3.6,3.5,12162,5
Glassdoor,DXC Technology,3.4,3.5,26554,5
Jobstreet,DXC Technology,4.1,4.0,116,5
Indeed,Swansea University,4.1,4.0,133,5
Glassdoor,Swansea University,4.3,4.5,487,5
Breakroom,Swansea University,8.7,4.5,31,10
Glassdoor,Kpmg India Services Llp,3.7,3.5,159,5
Indeed,"Walmart, Inc.",3.4,3.5,282046,5
Glassdoor,"Walmart, Inc.",3.4,3.5,142155,5
AmbitionBox,"Walmart, Inc.",3.4,3.5,3166,5
AmbitionBox,Innodata,3.7,3.5,1099,5
Glassdoor,Innodata,3.6,3.5,866,5
Indeed,Innodata,4.1,4.0,581,5
Glassdoor,Procore,3.4,3.5,1614,5
AmbitionBox,Procore,3.6,3.5,19,5
Indeed,Procore,3.8,4.0,69,5
AmbitionBox,Cognizant,3.7,3.5,62237,5
Glassdoor,Cognizant,3.6,3.5,120683,5
Jobstreet,Cognizant,4.1,4.0,370,5
AmbitionBox,Boeing,3.9,4.0,750,5
Glassdoor,Boeing,3.7,3.5,18247,5
Indeed,Boeing,3.9,4.0,10235,5
AmbitionBox,Atyeti,3.7,3.5,174,5
Glassdoor,Atyeti,3.9,4.0,246,5
Indeed,Atyeti,3.0,3.0,4,5
Glassdoor,Quantexa,4.2,4.0,176,5
Indeed,Quantexa,3.7,3.5,3,5
RepVue,Quantexa,3.4,3.5,10,5
AmbitionBox,Godrej Group,3.9,4.0,1611,5
Glassdoor,Godrej Group,3.9,4.0,432,5
Indeed,Godrej Group,4.0,4.0,149,5
AmbitionBox,Bosch Group,4.1,4.0,4745,5
Glassdoor,Bosch Group,4.0,4.0,2565,5
Indeed,Bosch Group,4.0,4.0,7503,5
Indeed,Rose International,3.8,4.0,613,5
Glassdoor,Rose International,4.5,4.5,895,5
AmbitionBox,Rose International,3.7,3.5,72,5
AmbitionBox,BNY,3.6,3.5,5363,5
Glassdoor,BNY,3.4,3.5,13800,5
Indeed,BNY,3.5,3.5,5474,5
Glassdoor,MillenniumSoft Inc,4.5,4.5,5,5
Indeed,MillenniumSoft Inc,4.7,4.5,62,5
AmbitionBox,MillenniumSoft Inc,5.0,5.0,1,5
Indeed,GRAYHILL,3.2,3.0,78,5
Glassdoor,GRAYHILL,3.3,3.5,58,5
Payscale,GRAYHILL,3.5,3.5,2,5
Glassdoor,Medialab Group,2.7,2.5,61,5
Glassdoor,Helsing,3.7,3.5,41,5
Kununu,Helsing,2.4,2.5,22,5
AmbitionBox,Warner Bros. Discovery,3.7,3.5,171,5
Glassdoor,Warner Bros. Discovery,3.7,3.5,3841,5
Indeed,Warner Bros. Discovery,3.9,4.0,1042,5
Glassdoor,GSA,3.7,3.5,875,5
Indeed,GSA,3.3,3.5,22,5
AmbitionBox,Eruna Technologies India Private Limited,2.9,3.0,7,5
Glassdoor,Eruna Technologies India Private Limited,1.0,1.0,1,5
AmbitionBox,Cisco,4.1,4.0,2242,5
Glassdoor,Cisco,4.1,4.0,33614,5
Indeed,Cisco,4.1,4.0,6650,5
Glassdoor,LTM,3.6,3.5,58,5
AmbitionBox,LTM,3.5,3.5,51,5
AmbitionBox,Amazon,3.9,4.0,31911,5
Glassdoor,Amazon,3.5,3.5,209290,5
Indeed,Amazon,3.5,3.5,55593,5
Glassdoor,Danaher,3.4,3.5,828,5
Indeed,Danaher,3.7,3.5,487,5
AmbitionBox,Danaher,3.8,4.0,104,5
AmbitionBox,Luxoft,3.6,3.5,843,5
Glassdoor,Luxoft,3.7,3.5,4625,5
Indeed,Luxoft,4.4,4.5,670,5
Indeed,"Independent Software, Inc.",4.0,4.0,3,5
Glassdoor,"Independent Software, Inc.",3.4,3.5,4,5
Glassdoor,Speechify,4.3,4.5,114,5
AmbitionBox,Speechify,2.3,2.5,4,5
Glassdoor,Sophos,3.7,3.5,1527,5
Indeed,Sophos,3.9,4.0,70,5
AmbitionBox,Sophos,3.6,3.5,256,5
Glassdoor,Danaher,3.4,3.5,828,5
AmbitionBox,Victoria's Secret & Co.,3.9,4.0,148,5
Glassdoor,Victoria's Secret & Co.,4.2,4.0,92,5
Indeed,Victoria's Secret & Co.,3.6,3.5,12988,5
AmbitionBox,Bunge,3.9,4.0,779,5
Glassdoor,Bunge,3.7,3.5,115,5
Indeed,Bunge,4.1,4.0,1670,5
Glassdoor,Iris Software,3.7,3.5,862,5
RepVue,Iris Software,3.0,3.0,32,5
Indeed,Robert Half,3.9,4.0,13769,5
Glassdoor,Robert Half,3.6,3.5,7914,5
AmbitionBox,Robert Half,4.8,5.0,5,5
AmbitionBox,Max Healthcare,4.0,4.0,3213,5
Glassdoor,Max Healthcare,3.4,3.5,172,5
Indeed,Max Healthcare,4.0,4.0,362,5
AmbitionBox,KPMG India,3.4,3.5,7469,5
Glassdoor,KPMG India,3.6,3.5,8365,5
Indeed,"Amazon Web Services, Inc.",3.4,3.5,583,5
Glassdoor,"Amazon Web Services, Inc.",3.6,3.5,13947,5
AmbitionBox,"Amazon Web Services, Inc.",3.8,4.0,1007,5
Glassdoor,Bending Spoons,4.7,4.5,248,5
InHerSight,Bending Spoons,4.9,5.0,6,5
Undelucram,Bending Spoons,5.0,5.0,1,5
AmbitionBox,Mastercard,3.8,4.0,1017,5
Glassdoor,Mastercard,4.1,4.0,7707,5
Indeed,Mastercard,4.0,4.0,841,5
Glassdoor,NPS Prism,3.8,4.0,22,5
AmbitionBox,NPS Prism,2.5,2.5,3,5
Indeed,Petco,3.2,3.0,8248,5
Glassdoor,Petco,3.0,3.0,6849,5
Comparably,Petco,3.1,3.0,23,5
Glassdoor,Snowflake,3.7,3.5,1056,5
Indeed,Snowflake,3.7,3.5,31,5
AmbitionBox,Snowflake,3.2,3.0,44,5
Glassdoor,HALLIBURTON,3.7,3.5,6079,5
Indeed,HALLIBURTON,3.8,4.0,7586,5
AmbitionBox,HALLIBURTON,3.6,3.5,342,5
Glassdoor,UK Health Security Agency,3.5,3.5,342,5
Indeed,UK Health Security Agency,3.4,3.5,24,5
Breakroom,UK Health Security Agency,7.8,4.0,28,10
Glassdoor,Leonardo UK Ltd,4.0,4.0,956,5
Indeed,Leonardo UK Ltd,3.9,4.0,480,5
Breakroom,Leonardo UK Ltd,9.2,4.5,76,10
Glassdoor,Emmes Group,3.7,3.5,21,5
AmbitionBox,Emmes Group,2.9,3.0,11,5
Indeed,Emmes Group,3.2,3.0,39,5
Indeed,CVS Health,3.2,3.0,50661,5
Glassdoor,CVS Health,3.2,3.0,46694,5
AmbitionBox,CVS Health,4.0,4.0,28,5
AmbitionBox,Tech Mahindra,3.3,3.5,43899,5
Glassdoor,Tech Mahindra,3.4,3.5,40017,5
Indeed,Tech Mahindra,3.7,3.5,9729,5
Indeed,General Dynamics Mission Systems,3.6,3.5,590,5
Glassdoor,General Dynamics Mission Systems,3.8,4.0,1866,5
Breakroom,General Dynamics Mission Systems,8.2,4.0,28,10
AmbitionBox,Linde India,3.9,4.0,827,5
Glassdoor,Linde India,3.5,3.5,2165,5
Indeed,Linde India,3.2,3.0,10,5
AmbitionBox,Vodafone,3.9,4.0,17747,5
Glassdoor,Vodafone,4.1,4.0,1134,5
Indeed,Vodafone,3.8,4.0,8023,5
Glassdoor,Cisco,4.1,4.0,33614,5
Glassdoor,isolved,3.7,3.5,745,5
Indeed,isolved,4.4,4.5,433,5
RepVue,isolved,3.3,3.5,144,5
Indeed,UnitedHealth Group,3.6,3.5,19043,5
Glassdoor,UnitedHealth Group,3.4,3.5,15416,5
AmbitionBox,UnitedHealth Group,4.0,4.0,2789,5
AmbitionBox,"Systems Technology Group, Inc. (STG)",2.8,3.0,84,5
Glassdoor,Moonpig,3.1,3.0,147,5
